Campaign,Campaign type,Campaign status,Budget,Budget type,Bid strategy type,Networks,Ad Schedule,Start date,Campaign language,Campaign Location,Ad Group,Ad Group type,Max CPC,Ad Group status,Keyword,Match type,Keyword status,Headline 1,Headline 2,Headline 3,Headline 4,Headline 5,Headline 6,Headline 7,Headline 8,Headline 9,Headline 10,Headline 11,Headline 12,Headline 13,Headline 14,Headline 15,Description 1,Description 2,Description 3,Description 4,Path 1,Path 2,Final URL,Ad status,Sitelink text,Sitelink description 1,Sitelink description 2,Sitelink Final URL,Callout text
Channel Letters - GTA,Search,Paused,30.00,Daily,Maximize conversions,Google Search,"(Monday[10:00-18:00]);(Tuesday[10:00-18:00]);(Wednesday[10:00-18:00]);(Thursday[10:00-18:00]);(Friday[10:00-18:00])",2026-03-02,en,"Vaughan ON CA;Toronto ON CA;Brampton ON CA;Mississauga ON CA;Markham ON CA;Richmond Hill ON CA;Newmarket ON CA;Aurora ON CA;Oakville ON CA;Burlington ON CA",,,,,,,,,,,,,,,,,,,,,,,,,,,,,,,,,,,
Channel Letters - GTA,,,,,,,,,,,Channel Letters - Exact,Standard,,Enabled,[channel letters],Exact,Enabled,,,,,,,,,,,,,,,,,,,,,,,,,,,,
Channel Letters - GTA,,,,,,,,,,,Channel Letters - Exact,,,,[channel letters vaughan],Exact,Enabled,,,,,,,,,,,,,,,,,,,,,,,,,,,,
Channel Letters - GTA,,,,,,,,,,,Channel Letters - Exact,,,,[channel letter signs],Exact,Enabled,,,,,,,,,,,,,,,,,,,,,,,,,,,,
Channel Letters - GTA,,,,,,,,,,,Channel Letters - Exact,,,,[illuminated channel letters],Exact,Enabled,,,,,,,,,,,,,,,,,,,,,,,,,,,,
Channel Letters - GTA,,,,,,,,,,,Channel Letters - Exact,,,,[channel letters toronto],Exact,Enabled,,,,,,,,,,,,,,,,,,,,,,,,,,,,
Channel Letters - GTA,,,,,,,,,,,Channel Letters - Exact,,,,[LED channel letters],Exact,Enabled,,,,,,,,,,,,,,,,,,,,,,,,,,,,
Channel Letters - GTA,,,,,,,,,,,Channel Letters - Exact,,,,[halo lit channel letters],Exact,Enabled,,,,,,,,,,,,,,,,,,,,,,,,,,,,
Channel Letters - GTA,,,,,,,,,,,Channel Letters - Exact,,,,[channel letters near me],Exact,Enabled,,,,,,,,,,,,,,,,,,,,,,,,,,,,
Channel Letters - GTA,,,,,,,,,,,Channel Letters - Exact,,,,[backlit channel letters],Exact,Enabled,,,,,,,,,,,,,,,,,,,,,,,,,,,,
Channel Letters - GTA,,,,,,,,,,,Channel Letters - Exact,,,,[channel letter sign company],Exact,Enabled,,,,,,,,,,,,,,,,,,,,,,,,,,,,
Channel Letters - GTA,,,,,,,,,,,Channel Letters - Phrase,Standard,,Enabled,"""channel letters""",Phrase,Enabled,,,,,,,,,,,,,,,,,,,,,,,,,,,,
Channel Letters - GTA,,,,,,,,,,,Channel Letters - Phrase,,,,"""channel letters for business""",Phrase,Enabled,,,,,,,,,,,,,,,,,,,,,,,,,,,,
Channel Letters - GTA,,,,,,,,,,,Channel Letters - Phrase,,,,"""channel letter sign""",Phrase,Enabled,,,,,,,,,,,,,,,,,,,,,,,,,,,,
Channel Letters - GTA,,,,,,,,,,,Channel Letters - Phrase,,,,"""illuminated letters""",Phrase,Enabled,,,,,,,,,,,,,,,,,,,,,,,,,,,,
Channel Letters - GTA,,,,,,,,,,,Channel Letters - Phrase,,,,"""LED sign letters""",Phrase,Enabled,,,,,,,,,,,,,,,,,,,,,,,,,,,,
Channel Letters - GTA,,,,,,,,,,,Channel Letters - Phrase,,,,"""custom channel letters""",Phrase,Enabled,,,,,,,,,,,,,,,,,,,,,,,,,,,,
Channel Letters - GTA,,,,,,,,,,,Channel Letters - Exact,,,,,,,Custom Channel Letters,LED Channel Letter Signs,Channel Letters Vaughan,Illuminated Sign Letters,Halo Lit Channel Letters,Get Channel Letters Today,Front-Lit Letter Signs,Channel Letters Near Me,Custom Sign Company,Signarama Vaughan,50000+ Hour LED Signs,In-House Fabrication,Channel Letters Toronto,Free Quote Today,3-5 Week Turnaround,Custom channel letters designed and installed by Signarama Vaughan. LED illuminated. Energy-efficient. 50000+ hour rated. Free quotes.,In-house design fabrication and installation — no middlemen. Trusted by Uber Telus and Five Guys. 4.9★ Google rated. Call today.,Channel letters starting from $3000. Front-lit halo-lit and open-face options. Permit handling included. Serving the GTA.,Get a free quote on custom channel letters for your business. Professional installation. We respond within 24 hours.,channel-letters,vaughan,https://custombusinesssigns.ca/channel-letters,Enabled,,,,,
Channel Letters - GTA,,,,,,,,,,,,,,,,,,,,,,,,,,,,,,,,,,,,,,,https://custombusinesssigns.ca/#quote,,Free Quote,Get your free sign quote,We respond within 24 hours,https://custombusinesssigns.ca/#quote,
Channel Letters - GTA,,,,,,,,,,,,,,,,,,,,,,,,,,,,,,,,,,,,,,,https://custombusinesssigns.ca/services,,Our Services,Channel letters wraps & more,Full range of custom signs,https://custombusinesssigns.ca/services,
Channel Letters - GTA,,,,,,,,,,,,,,,,,,,,,,,,,,,,,,,,,,,,,,,https://custombusinesssigns.ca/about,,About Us,700+ Signarama locations,Locally owned in Vaughan ON,https://custombusinesssigns.ca/about,
Channel Letters - GTA,,,,,,,,,,,,,,,,,,,,,,,,,,,,,,,,,,,,,,,https://custombusinesssigns.ca/contact,,Contact Us,Call 905-597-8635,Visit our Vaughan showroom,https://custombusinesssigns.ca/contact,
Channel Letters - GTA,,,,,,,,,,,,,,,,,,,,,,,,,,,,,,,,,,,,,,,,,,,,,Free Quotes
Channel Letters - GTA,,,,,,,,,,,,,,,,,,,,,,,,,,,,,,,,,,,,,,,,,,,,,In-House Fabrication
Channel Letters - GTA,,,,,,,,,,,,,,,,,,,,,,,,,,,,,,,,,,,,,,,,,,,,,4.9★ Google Rated
Channel Letters - GTA,,,,,,,,,,,,,,,,,,,,,,,,,,,,,,,,,,,,,,,,,,,,,Permit Handling
Channel Letters - GTA,,,,,,,,,,,,,,,,,,,,,,,,,,,,,,,,,,,,,,,,,,,,,24hr Quote Response
Channel Letters - GTA,,,,,,,,,,,,,,,,,,,,,,,,,,,,,,,,,,,,,,,,,,,,,Serving All of the GTA
Storefront Signs - GTA,Search,Paused,30.00,Daily,Maximize conversions,Google Search,"(Monday[10:00-18:00]);(Tuesday[10:00-18:00]);(Wednesday[10:00-18:00]);(Thursday[10:00-18:00]);(Friday[10:00-18:00])",2026-03-02,en,"Vaughan ON CA;Toronto ON CA;Brampton ON CA;Mississauga ON CA;Markham ON CA;Richmond Hill ON CA;Newmarket ON CA;Aurora ON CA;Oakville ON CA;Burlington ON CA",,,,,,,,,,,,,,,,,,,,,,,,,,,,,,,,,,,
Storefront Signs - GTA,,,,,,,,,,,Storefront Signs - Exact,Standard,,Enabled,[storefront signs],Exact,Enabled,,,,,,,,,,,,,,,,,,,,,,,,,,,,
Storefront Signs - GTA,,,,,,,,,,,Storefront Signs - Exact,,,,[storefront signage],Exact,Enabled,,,,,,,,,,,,,,,,,,,,,,,,,,,,
Storefront Signs - GTA,,,,,,,,,,,Storefront Signs - Exact,,,,[storefront signs vaughan],Exact,Enabled,,,,,,,,,,,,,,,,,,,,,,,,,,,,
Storefront Signs - GTA,,,,,,,,,,,Storefront Signs - Exact,,,,[business storefront sign],Exact,Enabled,,,,,,,,,,,,,,,,,,,,,,,,,,,,
Storefront Signs - GTA,,,,,,,,,,,Storefront Signs - Exact,,,,[store sign company near me],Exact,Enabled,,,,,,,,,,,,,,,,,,,,,,,,,,,,
Storefront Signs - GTA,,,,,,,,,,,Storefront Signs - Exact,,,,[illuminated storefront sign],Exact,Enabled,,,,,,,,,,,,,,,,,,,,,,,,,,,,
Storefront Signs - GTA,,,,,,,,,,,Storefront Signs - Exact,,,,[shop front sign],Exact,Enabled,,,,,,,,,,,,,,,,,,,,,,,,,,,,
Storefront Signs - GTA,,,,,,,,,,,Storefront Signs - Exact,,,,[business sign installation],Exact,Enabled,,,,,,,,,,,,,,,,,,,,,,,,,,,,
Storefront Signs - GTA,,,,,,,,,,,Storefront Signs - Phrase,Standard,,Enabled,"""storefront signs""",Phrase,Enabled,,,,,,,,,,,,,,,,,,,,,,,,,,,,
Storefront Signs - GTA,,,,,,,,,,,Storefront Signs - Phrase,,,,"""store front sign""",Phrase,Enabled,,,,,,,,,,,,,,,,,,,,,,,,,,,,
Storefront Signs - GTA,,,,,,,,,,,Storefront Signs - Phrase,,,,"""business sign for store""",Phrase,Enabled,,,,,,,,,,,,,,,,,,,,,,,,,,,,
Storefront Signs - GTA,,,,,,,,,,,Storefront Signs - Phrase,,,,"""exterior business sign""",Phrase,Enabled,,,,,,,,,,,,,,,,,,,,,,,,,,,,
Storefront Signs - GTA,,,,,,,,,,,Storefront Signs - Phrase,,,,"""custom store sign""",Phrase,Enabled,,,,,,,,,,,,,,,,,,,,,,,,,,,,
Storefront Signs - GTA,,,,,,,,,,,Storefront Signs - Exact,,,,,,,Custom Storefront Signs,Storefront Signs Vaughan,Business Sign Installation,Illuminated Store Signs,Store Sign Company GTA,Get Your Storefront Sign,Complete Sign Packages,Professional Sign Install,Custom Sign Design,Signarama Vaughan,Free Sign Consultation,Window Graphics Included,Fascia Signs & Lettering,Blade Signs Available,Full Brand Packages,Custom storefront signs — design fabrication and installation all in-house. Illuminated options available. Free quotes. GTA-wide service.,Complete storefront sign packages including channel letters window vinyl and blade signs. Trusted by 100s of GTA businesses. 4.9★ rated.,Professional storefront signage for retail restaurants and offices. We handle permits and landlord coordination. Call 905-597-8635.,Get a free quote on custom storefront signs for your business. In-house fabrication means faster turnaround and better prices.,storefront-signs,vaughan,https://custombusinesssigns.ca/storefront-signs,Enabled,,,,,
Storefront Signs - GTA,,,,,,,,,,,,,,,,,,,,,,,,,,,,,,,,,,,,,,,https://custombusinesssigns.ca/#quote,,Free Quote,Get your free sign quote,We respond within 24 hours,https://custombusinesssigns.ca/#quote,
Storefront Signs - GTA,,,,,,,,,,,,,,,,,,,,,,,,,,,,,,,,,,,,,,,https://custombusinesssigns.ca/services,,Our Services,Channel letters wraps & more,Full range of custom signs,https://custombusinesssigns.ca/services,
Storefront Signs - GTA,,,,,,,,,,,,,,,,,,,,,,,,,,,,,,,,,,,,,,,https://custombusinesssigns.ca/about,,About Us,700+ Signarama locations,Locally owned in Vaughan ON,https://custombusinesssigns.ca/about,
Storefront Signs - GTA,,,,,,,,,,,,,,,,,,,,,,,,,,,,,,,,,,,,,,,https://custombusinesssigns.ca/contact,,Contact Us,Call 905-597-8635,Visit our Vaughan showroom,https://custombusinesssigns.ca/contact,
Storefront Signs - GTA,,,,,,,,,,,,,,,,,,,,,,,,,,,,,,,,,,,,,,,,,,,,,Free Quotes
Storefront Signs - GTA,,,,,,,,,,,,,,,,,,,,,,,,,,,,,,,,,,,,,,,,,,,,,In-House Fabrication
Storefront Signs - GTA,,,,,,,,,,,,,,,,,,,,,,,,,,,,,,,,,,,,,,,,,,,,,4.9★ Google Rated
Storefront Signs - GTA,,,,,,,,,,,,,,,,,,,,,,,,,,,,,,,,,,,,,,,,,,,,,Permit Handling
Storefront Signs - GTA,,,,,,,,,,,,,,,,,,,,,,,,,,,,,,,,,,,,,,,,,,,,,24hr Quote Response
Storefront Signs - GTA,,,,,,,,,,,,,,,,,,,,,,,,,,,,,,,,,,,,,,,,,,,,,Serving All of the GTA
Vehicle Wraps - GTA,Search,Paused,25.00,Daily,Maximize conversions,Google Search,"(Monday[10:00-18:00]);(Tuesday[10:00-18:00]);(Wednesday[10:00-18:00]);(Thursday[10:00-18:00]);(Friday[10:00-18:00])",2026-03-02,en,"Vaughan ON CA;Toronto ON CA;Brampton ON CA;Mississauga ON CA;Markham ON CA;Richmond Hill ON CA;Newmarket ON CA;Aurora ON CA;Oakville ON CA;Burlington ON CA",,,,,,,,,,,,,,,,,,,,,,,,,,,,,,,,,,,
Vehicle Wraps - GTA,,,,,,,,,,,Vehicle Wraps - Exact,Standard,,Enabled,[vehicle wraps],Exact,Enabled,,,,,,,,,,,,,,,,,,,,,,,,,,,,
Vehicle Wraps - GTA,,,,,,,,,,,Vehicle Wraps - Exact,,,,[vehicle wrap near me],Exact,Enabled,,,,,,,,,,,,,,,,,,,,,,,,,,,,
Vehicle Wraps - GTA,,,,,,,,,,,Vehicle Wraps - Exact,,,,[car wraps vaughan],Exact,Enabled,,,,,,,,,,,,,,,,,,,,,,,,,,,,
Vehicle Wraps - GTA,,,,,,,,,,,Vehicle Wraps - Exact,,,,[van wrap toronto],Exact,Enabled,,,,,,,,,,,,,,,,,,,,,,,,,,,,
Vehicle Wraps - GTA,,,,,,,,,,,Vehicle Wraps - Exact,,,,[fleet graphics],Exact,Enabled,,,,,,,,,,,,,,,,,,,,,,,,,,,,
Vehicle Wraps - GTA,,,,,,,,,,,Vehicle Wraps - Exact,,,,[truck wrap],Exact,Enabled,,,,,,,,,,,,,,,,,,,,,,,,,,,,
Vehicle Wraps - GTA,,,,,,,,,,,Vehicle Wraps - Exact,,,,[vehicle graphics company],Exact,Enabled,,,,,,,,,,,,,,,,,,,,,,,,,,,,
Vehicle Wraps - GTA,,,,,,,,,,,Vehicle Wraps - Exact,,,,[commercial vehicle wrap],Exact,Enabled,,,,,,,,,,,,,,,,,,,,,,,,,,,,
Vehicle Wraps - GTA,,,,,,,,,,,Vehicle Wraps - Phrase,Standard,,Enabled,"""vehicle wrap""",Phrase,Enabled,,,,,,,,,,,,,,,,,,,,,,,,,,,,
Vehicle Wraps - GTA,,,,,,,,,,,Vehicle Wraps - Phrase,,,,"""car wrap""",Phrase,Enabled,,,,,,,,,,,,,,,,,,,,,,,,,,,,
Vehicle Wraps - GTA,,,,,,,,,,,Vehicle Wraps - Phrase,,,,"""fleet wrap""",Phrase,Enabled,,,,,,,,,,,,,,,,,,,,,,,,,,,,
Vehicle Wraps - GTA,,,,,,,,,,,Vehicle Wraps - Phrase,,,,"""van graphics""",Phrase,Enabled,,,,,,,,,,,,,,,,,,,,,,,,,,,,
Vehicle Wraps - GTA,,,,,,,,,,,Vehicle Wraps - Phrase,,,,"""truck lettering""",Phrase,Enabled,,,,,,,,,,,,,,,,,,,,,,,,,,,,
Vehicle Wraps - GTA,,,,,,,,,,,Vehicle Wraps - Exact,,,,,,,Custom Vehicle Wraps,Vehicle Wraps Vaughan,Car Wraps & Van Wraps,Fleet Graphics Program,3M & Avery Vinyl Wraps,Full & Partial Wraps,70K Daily Impressions,Vehicle Wrap Experts,Truck Wraps GTA,Signarama Vaughan,Wraps That Last 5-7 Yrs,Free Wrap Consultation,Mobile Advertising,Commercial Van Wraps,Toronto Vehicle Wraps,Turn your vehicle into a mobile billboard. Custom wraps using premium 3M and Avery vinyl. 30000-70000 daily impressions. Free quotes.,Full and partial vehicle wraps designed and installed in Vaughan. Fleet programs available. Paint-safe vinyl lasts 5-7 years. Call today.,Professional vehicle wraps for cars vans and trucks. UV-protective lamination included. Serving businesses across the GTA.,Get a free vehicle wrap quote. In-house design and installation. 2-3 day turnaround for full wraps. 905-597-8635.,vehicle-wraps,gta,https://custombusinesssigns.ca/vehicle-wraps,Enabled,,,,,
Vehicle Wraps - GTA,,,,,,,,,,,,,,,,,,,,,,,,,,,,,,,,,,,,,,,https://custombusinesssigns.ca/#quote,,Free Quote,Get your free sign quote,We respond within 24 hours,https://custombusinesssigns.ca/#quote,
Vehicle Wraps - GTA,,,,,,,,,,,,,,,,,,,,,,,,,,,,,,,,,,,,,,,https://custombusinesssigns.ca/services,,Our Services,Channel letters wraps & more,Full range of custom signs,https://custombusinesssigns.ca/services,
Vehicle Wraps - GTA,,,,,,,,,,,,,,,,,,,,,,,,,,,,,,,,,,,,,,,https://custombusinesssigns.ca/about,,About Us,700+ Signarama locations,Locally owned in Vaughan ON,https://custombusinesssigns.ca/about,
Vehicle Wraps - GTA,,,,,,,,,,,,,,,,,,,,,,,,,,,,,,,,,,,,,,,https://custombusinesssigns.ca/contact,,Contact Us,Call 905-597-8635,Visit our Vaughan showroom,https://custombusinesssigns.ca/contact,
Vehicle Wraps - GTA,,,,,,,,,,,,,,,,,,,,,,,,,,,,,,,,,,,,,,,,,,,,,Free Quotes
Vehicle Wraps - GTA,,,,,,,,,,,,,,,,,,,,,,,,,,,,,,,,,,,,,,,,,,,,,3M & Avery Vinyl
Vehicle Wraps - GTA,,,,,,,,,,,,,,,,,,,,,,,,,,,,,,,,,,,,,,,,,,,,,4.9★ Google Rated
Vehicle Wraps - GTA,,,,,,,,,,,,,,,,,,,,,,,,,,,,,,,,,,,,,,,,,,,,,5-7 Year Durability
Vehicle Wraps - GTA,,,,,,,,,,,,,,,,,,,,,,,,,,,,,,,,,,,,,,,,,,,,,Fleet Programs Available
Vehicle Wraps - GTA,,,,,,,,,,,,,,,,,,,,,,,,,,,,,,,,,,,,,,,,,,,,,Serving All of the GTA
Illuminated Signs - GTA,Search,Paused,20.00,Daily,Maximize conversions,Google Search,"(Monday[10:00-18:00]);(Tuesday[10:00-18:00]);(Wednesday[10:00-18:00]);(Thursday[10:00-18:00]);(Friday[10:00-18:00])",2026-03-02,en,"Vaughan ON CA;Toronto ON CA;Brampton ON CA;Mississauga ON CA;Markham ON CA;Richmond Hill ON CA;Newmarket ON CA;Aurora ON CA;Oakville ON CA;Burlington ON CA",,,,,,,,,,,,,,,,,,,,,,,,,,,,,,,,,,,
Illuminated Signs - GTA,,,,,,,,,,,Illuminated Signs - Exact,Standard,,Enabled,[illuminated signs],Exact,Enabled,,,,,,,,,,,,,,,,,,,,,,,,,,,,
Illuminated Signs - GTA,,,,,,,,,,,Illuminated Signs - Exact,,,,[illuminated signs vaughan],Exact,Enabled,,,,,,,,,,,,,,,,,,,,,,,,,,,,
Illuminated Signs - GTA,,,,,,,,,,,Illuminated Signs - Exact,,,,[light box signs],Exact,Enabled,,,,,,,,,,,,,,,,,,,,,,,,,,,,
Illuminated Signs - GTA,,,,,,,,,,,Illuminated Signs - Exact,,,,[LED signs],Exact,Enabled,,,,,,,,,,,,,,,,,,,,,,,,,,,,
Illuminated Signs - GTA,,,,,,,,,,,Illuminated Signs - Exact,,,,[illuminated business signs],Exact,Enabled,,,,,,,,,,,,,,,,,,,,,,,,,,,,
Illuminated Signs - GTA,,,,,,,,,,,Illuminated Signs - Exact,,,,[backlit signs],Exact,Enabled,,,,,,,,,,,,,,,,,,,,,,,,,,,,
Illuminated Signs - GTA,,,,,,,,,,,Illuminated Signs - Exact,,,,[illuminated sign company near me],Exact,Enabled,,,,,,,,,,,,,,,,,,,,,,,,,,,,
Illuminated Signs - GTA,,,,,,,,,,,Illuminated Signs - Exact,,,,[neon style LED signs],Exact,Enabled,,,,,,,,,,,,,,,,,,,,,,,,,,,,
Illuminated Signs - GTA,,,,,,,,,,,Illuminated Signs - Phrase,Standard,,Enabled,"""illuminated sign""",Phrase,Enabled,,,,,,,,,,,,,,,,,,,,,,,,,,,,
Illuminated Signs - GTA,,,,,,,,,,,Illuminated Signs - Phrase,,,,"""light box sign""",Phrase,Enabled,,,,,,,,,,,,,,,,,,,,,,,,,,,,
Illuminated Signs - GTA,,,,,,,,,,,Illuminated Signs - Phrase,,,,"""LED business sign""",Phrase,Enabled,,,,,,,,,,,,,,,,,,,,,,,,,,,,
Illuminated Signs - GTA,,,,,,,,,,,Illuminated Signs - Phrase,,,,"""backlit sign""",Phrase,Enabled,,,,,,,,,,,,,,,,,,,,,,,,,,,,
Illuminated Signs - GTA,,,,,,,,,,,Illuminated Signs - Phrase,,,,"""illuminated signage""",Phrase,Enabled,,,,,,,,,,,,,,,,,,,,,,,,,,,,
Illuminated Signs - GTA,,,,,,,,,,,Illuminated Signs - Exact,,,,,,,Illuminated Signs,LED Illuminated Signs,Light Box Signs GTA,Backlit Business Signs,24/7 Brand Visibility,Illuminated Signs Vaughan,Energy-Efficient LEDs,Light Box Cabinets,Edge-Lit Signs,Signarama Vaughan,Neon-Style LED Flex,Custom LED Signage,Free Sign Quote,Sign Company Near Me,In-House Fabrication,Illuminated signs for 24/7 brand visibility. LED channel letters light boxes and edge-lit signs. Energy-efficient. Free quotes from Signarama.,Custom illuminated signage designed and installed in-house. LED technology uses 50-80% less energy than neon. Serving the GTA.,Light box signs backlit panels and LED message centres. Professional design and installation. We handle permits. Call 905-597-8635.,Get a free quote on illuminated signs for your business. In-house fabrication and installation. We respond within 24 hours.,illuminated-signs,gta,https://custombusinesssigns.ca/illuminated-signs,Enabled,,,,,
Illuminated Signs - GTA,,,,,,,,,,,,,,,,,,,,,,,,,,,,,,,,,,,,,,,https://custombusinesssigns.ca/#quote,,Free Quote,Get your free sign quote,We respond within 24 hours,https://custombusinesssigns.ca/#quote,
Illuminated Signs - GTA,,,,,,,,,,,,,,,,,,,,,,,,,,,,,,,,,,,,,,,https://custombusinesssigns.ca/services,,Our Services,Channel letters wraps & more,Full range of custom signs,https://custombusinesssigns.ca/services,
Illuminated Signs - GTA,,,,,,,,,,,,,,,,,,,,,,,,,,,,,,,,,,,,,,,https://custombusinesssigns.ca/about,,About Us,700+ Signarama locations,Locally owned in Vaughan ON,https://custombusinesssigns.ca/about,
Illuminated Signs - GTA,,,,,,,,,,,,,,,,,,,,,,,,,,,,,,,,,,,,,,,https://custombusinesssigns.ca/contact,,Contact Us,Call 905-597-8635,Visit our Vaughan showroom,https://custombusinesssigns.ca/contact,
Illuminated Signs - GTA,,,,,,,,,,,,,,,,,,,,,,,,,,,,,,,,,,,,,,,,,,,,,Free Quotes
Illuminated Signs - GTA,,,,,,,,,,,,,,,,,,,,,,,,,,,,,,,,,,,,,,,,,,,,,In-House Fabrication
Illuminated Signs - GTA,,,,,,,,,,,,,,,,,,,,,,,,,,,,,,,,,,,,,,,,,,,,,4.9★ Google Rated
Illuminated Signs - GTA,,,,,,,,,,,,,,,,,,,,,,,,,,,,,,,,,,,,,,,,,,,,,Permit Handling
Illuminated Signs - GTA,,,,,,,,,,,,,,,,,,,,,,,,,,,,,,,,,,,,,,,,,,,,,24hr Quote Response
Illuminated Signs - GTA,,,,,,,,,,,,,,,,,,,,,,,,,,,,,,,,,,,,,,,,,,,,,Serving All of the GTA
Pylon Signs - GTA,Search,Paused,20.00,Daily,Maximize conversions,Google Search,"(Monday[10:00-18:00]);(Tuesday[10:00-18:00]);(Wednesday[10:00-18:00]);(Thursday[10:00-18:00]);(Friday[10:00-18:00])",2026-03-02,en,"Vaughan ON CA;Toronto ON CA;Brampton ON CA;Mississauga ON CA;Markham ON CA;Richmond Hill ON CA;Newmarket ON CA;Aurora ON CA;Oakville ON CA;Burlington ON CA",,,,,,,,,,,,,,,,,,,,,,,,,,,,,,,,,,,
Pylon Signs - GTA,,,,,,,,,,,Pylon Signs - Exact,Standard,,Enabled,[pylon signs],Exact,Enabled,,,,,,,,,,,,,,,,,,,,,,,,,,,,
Pylon Signs - GTA,,,,,,,,,,,Pylon Signs - Exact,,,,[pylon sign company],Exact,Enabled,,,,,,,,,,,,,,,,,,,,,,,,,,,,
Pylon Signs - GTA,,,,,,,,,,,Pylon Signs - Exact,,,,[monument signs],Exact,Enabled,,,,,,,,,,,,,,,,,,,,,,,,,,,,
Pylon Signs - GTA,,,,,,,,,,,Pylon Signs - Exact,,,,[pylon signs vaughan],Exact,Enabled,,,,,,,,,,,,,,,,,,,,,,,,,,,,
Pylon Signs - GTA,,,,,,,,,,,Pylon Signs - Exact,,,,[freestanding sign],Exact,Enabled,,,,,,,,,,,,,,,,,,,,,,,,,,,,
Pylon Signs - GTA,,,,,,,,,,,Pylon Signs - Exact,,,,[plaza sign],Exact,Enabled,,,,,,,,,,,,,,,,,,,,,,,,,,,,
Pylon Signs - GTA,,,,,,,,,,,Pylon Signs - Exact,,,,[multi tenant pylon sign],Exact,Enabled,,,,,,,,,,,,,,,,,,,,,,,,,,,,
Pylon Signs - GTA,,,,,,,,,,,Pylon Signs - Phrase,Standard,,Enabled,"""pylon sign""",Phrase,Enabled,,,,,,,,,,,,,,,,,,,,,,,,,,,,
Pylon Signs - GTA,,,,,,,,,,,Pylon Signs - Phrase,,,,"""monument sign""",Phrase,Enabled,,,,,,,,,,,,,,,,,,,,,,,,,,,,
Pylon Signs - GTA,,,,,,,,,,,Pylon Signs - Phrase,,,,"""freestanding sign""",Phrase,Enabled,,,,,,,,,,,,,,,,,,,,,,,,,,,,
Pylon Signs - GTA,,,,,,,,,,,Pylon Signs - Phrase,,,,"""plaza directory sign""",Phrase,Enabled,,,,,,,,,,,,,,,,,,,,,,,,,,,,
Pylon Signs - GTA,,,,,,,,,,,Pylon Signs - Exact,,,,,,,Custom Pylon Signs,Pylon Signs Vaughan,Monument Signs GTA,Freestanding Signs,Multi-Tenant Pylon Signs,Illuminated Pylon Signs,Highway Visibility Signs,Plaza Directory Signs,Pylon Sign Company,Signarama Vaughan,Code-Compliant Pylons,Permit Handling Included,LED Pylon Inserts,Sign Refurbishment,Free Pylon Quote,Custom pylon and monument signs engineered and installed by Signarama Vaughan. Maximum road visibility. Permit coordination included.,Multi-tenant and single-tenant pylon signs for plazas and commercial properties. LED illumination available. Serving the GTA.,Freestanding signs designed to meet local building codes and wind load requirements. We handle permits. Free on-site consultations.,Get a free quote on pylon signs. In-house fabrication and professional installation. We also refurbish and retrofit existing pylons.,pylon-signs,gta,https://custombusinesssigns.ca/pylon-signs,Enabled,,,,,
Pylon Signs - GTA,,,,,,,,,,,,,,,,,,,,,,,,,,,,,,,,,,,,,,,https://custombusinesssigns.ca/#quote,,Free Quote,Get your free sign quote,We respond within 24 hours,https://custombusinesssigns.ca/#quote,
Pylon Signs - GTA,,,,,,,,,,,,,,,,,,,,,,,,,,,,,,,,,,,,,,,https://custombusinesssigns.ca/services,,Our Services,Channel letters wraps & more,Full range of custom signs,https://custombusinesssigns.ca/services,
Pylon Signs - GTA,,,,,,,,,,,,,,,,,,,,,,,,,,,,,,,,,,,,,,,https://custombusinesssigns.ca/about,,About Us,700+ Signarama locations,Locally owned in Vaughan ON,https://custombusinesssigns.ca/about,
Pylon Signs - GTA,,,,,,,,,,,,,,,,,,,,,,,,,,,,,,,,,,,,,,,https://custombusinesssigns.ca/contact,,Contact Us,Call 905-597-8635,Visit our Vaughan showroom,https://custombusinesssigns.ca/contact,
Pylon Signs - GTA,,,,,,,,,,,,,,,,,,,,,,,,,,,,,,,,,,,,,,,,,,,,,Free Quotes
Pylon Signs - GTA,,,,,,,,,,,,,,,,,,,,,,,,,,,,,,,,,,,,,,,,,,,,,In-House Fabrication
Pylon Signs - GTA,,,,,,,,,,,,,,,,,,,,,,,,,,,,,,,,,,,,,,,,,,,,,4.9★ Google Rated
Pylon Signs - GTA,,,,,,,,,,,,,,,,,,,,,,,,,,,,,,,,,,,,,,,,,,,,,Permit Handling
Pylon Signs - GTA,,,,,,,,,,,,,,,,,,,,,,,,,,,,,,,,,,,,,,,,,,,,,24hr Quote Response
Pylon Signs - GTA,,,,,,,,,,,,,,,,,,,,,,,,,,,,,,,,,,,,,,,,,,,,,Serving All of the GTA
Office & Indoor Signs - GTA,Search,Paused,15.00,Daily,Maximize conversions,Google Search,"(Monday[10:00-18:00]);(Tuesday[10:00-18:00]);(Wednesday[10:00-18:00]);(Thursday[10:00-18:00]);(Friday[10:00-18:00])",2026-03-02,en,"Vaughan ON CA;Toronto ON CA;Brampton ON CA;Mississauga ON CA;Markham ON CA;Richmond Hill ON CA;Newmarket ON CA;Aurora ON CA;Oakville ON CA;Burlington ON CA",,,,,,,,,,,,,,,,,,,,,,,,,,,,,,,,,,,
Office & Indoor Signs - GTA,,,,,,,,,,,Office & Indoor Signs - Exact,Standard,,Enabled,[office signs],Exact,Enabled,,,,,,,,,,,,,,,,,,,,,,,,,,,,
Office & Indoor Signs - GTA,,,,,,,,,,,Office & Indoor Signs - Exact,,,,[indoor signs],Exact,Enabled,,,,,,,,,,,,,,,,,,,,,,,,,,,,
Office & Indoor Signs - GTA,,,,,,,,,,,Office & Indoor Signs - Exact,,,,[lobby signs],Exact,Enabled,,,,,,,,,,,,,,,,,,,,,,,,,,,,
Office & Indoor Signs - GTA,,,,,,,,,,,Office & Indoor Signs - Exact,,,,[reception signs],Exact,Enabled,,,,,,,,,,,,,,,,,,,,,,,,,,,,
Office & Indoor Signs - GTA,,,,,,,,,,,Office & Indoor Signs - Exact,,,,[office signage vaughan],Exact,Enabled,,,,,,,,,,,,,,,,,,,,,,,,,,,,
Office & Indoor Signs - GTA,,,,,,,,,,,Office & Indoor Signs - Exact,,,,[wayfinding signs],Exact,Enabled,,,,,,,,,,,,,,,,,,,,,,,,,,,,
Office & Indoor Signs - GTA,,,,,,,,,,,Office & Indoor Signs - Exact,,,,[indoor sign company near me],Exact,Enabled,,,,,,,,,,,,,,,,,,,,,,,,,,,,
Office & Indoor Signs - GTA,,,,,,,,,,,Office & Indoor Signs - Exact,,,,[dimensional lobby sign],Exact,Enabled,,,,,,,,,,,,,,,,,,,,,,,,,,,,
Office & Indoor Signs - GTA,,,,,,,,,,,Office & Indoor Signs - Phrase,Standard,,Enabled,"""office sign""",Phrase,Enabled,,,,,,,,,,,,,,,,,,,,,,,,,,,,
Office & Indoor Signs - GTA,,,,,,,,,,,Office & Indoor Signs - Phrase,,,,"""indoor sign""",Phrase,Enabled,,,,,,,,,,,,,,,,,,,,,,,,,,,,
Office & Indoor Signs - GTA,,,,,,,,,,,Office & Indoor Signs - Phrase,,,,"""lobby sign""",Phrase,Enabled,,,,,,,,,,,,,,,,,,,,,,,,,,,,
Office & Indoor Signs - GTA,,,,,,,,,,,Office & Indoor Signs - Phrase,,,,"""reception signage""",Phrase,Enabled,,,,,,,,,,,,,,,,,,,,,,,,,,,,
Office & Indoor Signs - GTA,,,,,,,,,,,Office & Indoor Signs - Phrase,,,,"""wayfinding sign""",Phrase,Enabled,,,,,,,,,,,,,,,,,,,,,,,,,,,,
Office & Indoor Signs - GTA,,,,,,,,,,,Office & Indoor Signs - Exact,,,,,,,Office & Indoor Signs,Lobby Signs Vaughan,Reception Area Branding,Wayfinding Signage,Dimensional Lobby Signs,Indoor Sign Company,ADA-Compliant Signs,Wall Murals & Graphics,Acrylic & Metal Letters,Signarama Vaughan,Custom Office Signage,Directory Signs,Professional Install,Free Sign Quote,In-House Fabrication,Professional indoor signs for offices lobbies and reception areas. Dimensional logos wayfinding and directory signs. Free quotes.,Custom lobby signs in brushed aluminum acrylic wood and metal. In-house fabrication and professional installation. Serving the GTA.,Interior signage that reinforces your brand. ADA-compliant options available. We install on any surface. Call 905-597-8635.,Get a free quote on indoor signs. Reception branding wayfinding and wall graphics. In-house design and fabrication.,office-signs,vaughan,https://custombusinesssigns.ca/office-signs,Enabled,,,,,
Office & Indoor Signs - GTA,,,,,,,,,,,,,,,,,,,,,,,,,,,,,,,,,,,,,,,https://custombusinesssigns.ca/#quote,,Free Quote,Get your free sign quote,We respond within 24 hours,https://custombusinesssigns.ca/#quote,
Office & Indoor Signs - GTA,,,,,,,,,,,,,,,,,,,,,,,,,,,,,,,,,,,,,,,https://custombusinesssigns.ca/services,,Our Services,Channel letters wraps & more,Full range of custom signs,https://custombusinesssigns.ca/services,
Office & Indoor Signs - GTA,,,,,,,,,,,,,,,,,,,,,,,,,,,,,,,,,,,,,,,https://custombusinesssigns.ca/about,,About Us,700+ Signarama locations,Locally owned in Vaughan ON,https://custombusinesssigns.ca/about,
Office & Indoor Signs - GTA,,,,,,,,,,,,,,,,,,,,,,,,,,,,,,,,,,,,,,,https://custombusinesssigns.ca/contact,,Contact Us,Call 905-597-8635,Visit our Vaughan showroom,https://custombusinesssigns.ca/contact,
Office & Indoor Signs - GTA,,,,,,,,,,,,,,,,,,,,,,,,,,,,,,,,,,,,,,,,,,,,,Free Quotes
Office & Indoor Signs - GTA,,,,,,,,,,,,,,,,,,,,,,,,,,,,,,,,,,,,,,,,,,,,,In-House Fabrication
Office & Indoor Signs - GTA,,,,,,,,,,,,,,,,,,,,,,,,,,,,,,,,,,,,,,,,,,,,,4.9★ Google Rated
Office & Indoor Signs - GTA,,,,,,,,,,,,,,,,,,,,,,,,,,,,,,,,,,,,,,,,,,,,,Permit Handling
Office & Indoor Signs - GTA,,,,,,,,,,,,,,,,,,,,,,,,,,,,,,,,,,,,,,,,,,,,,24hr Quote Response
Office & Indoor Signs - GTA,,,,,,,,,,,,,,,,,,,,,,,,,,,,,,,,,,,,,,,,,,,,,Serving All of the GTA
3D Signs & Lettering - GTA,Search,Paused,15.00,Daily,Maximize conversions,Google Search,"(Monday[10:00-18:00]);(Tuesday[10:00-18:00]);(Wednesday[10:00-18:00]);(Thursday[10:00-18:00]);(Friday[10:00-18:00])",2026-03-02,en,"Vaughan ON CA;Toronto ON CA;Brampton ON CA;Mississauga ON CA;Markham ON CA;Richmond Hill ON CA;Newmarket ON CA;Aurora ON CA;Oakville ON CA;Burlington ON CA",,,,,,,,,,,,,,,,,,,,,,,,,,,,,,,,,,,
3D Signs & Lettering - GTA,,,,,,,,,,,3D Signs & Lettering - Exact,Standard,,Enabled,[3D signs],Exact,Enabled,,,,,,,,,,,,,,,,,,,,,,,,,,,,
3D Signs & Lettering - GTA,,,,,,,,,,,3D Signs & Lettering - Exact,,,,[3D lettering],Exact,Enabled,,,,,,,,,,,,,,,,,,,,,,,,,,,,
3D Signs & Lettering - GTA,,,,,,,,,,,3D Signs & Lettering - Exact,,,,[dimensional signs],Exact,Enabled,,,,,,,,,,,,,,,,,,,,,,,,,,,,
3D Signs & Lettering - GTA,,,,,,,,,,,3D Signs & Lettering - Exact,,,,[3D sign company],Exact,Enabled,,,,,,,,,,,,,,,,,,,,,,,,,,,,
3D Signs & Lettering - GTA,,,,,,,,,,,3D Signs & Lettering - Exact,,,,[dimensional letters],Exact,Enabled,,,,,,,,,,,,,,,,,,,,,,,,,,,,
3D Signs & Lettering - GTA,,,,,,,,,,,3D Signs & Lettering - Exact,,,,[3D business sign],Exact,Enabled,,,,,,,,,,,,,,,,,,,,,,,,,,,,
3D Signs & Lettering - GTA,,,,,,,,,,,3D Signs & Lettering - Exact,,,,[custom 3D signs],Exact,Enabled,,,,,,,,,,,,,,,,,,,,,,,,,,,,
3D Signs & Lettering - GTA,,,,,,,,,,,3D Signs & Lettering - Exact,,,,[3D logo sign],Exact,Enabled,,,,,,,,,,,,,,,,,,,,,,,,,,,,
3D Signs & Lettering - GTA,,,,,,,,,,,3D Signs & Lettering - Phrase,Standard,,Enabled,"""3D sign""",Phrase,Enabled,,,,,,,,,,,,,,,,,,,,,,,,,,,,
3D Signs & Lettering - GTA,,,,,,,,,,,3D Signs & Lettering - Phrase,,,,"""dimensional sign""",Phrase,Enabled,,,,,,,,,,,,,,,,,,,,,,,,,,,,
3D Signs & Lettering - GTA,,,,,,,,,,,3D Signs & Lettering - Phrase,,,,"""3D lettering""",Phrase,Enabled,,,,,,,,,,,,,,,,,,,,,,,,,,,,
3D Signs & Lettering - GTA,,,,,,,,,,,3D Signs & Lettering - Phrase,,,,"""dimensional letters""",Phrase,Enabled,,,,,,,,,,,,,,,,,,,,,,,,,,,,
3D Signs & Lettering - GTA,,,,,,,,,,,3D Signs & Lettering - Phrase,,,,"""3D logo""",Phrase,Enabled,,,,,,,,,,,,,,,,,,,,,,,,,,,,
3D Signs & Lettering - GTA,,,,,,,,,,,3D Signs & Lettering - Exact,,,,,,,3D Signs & Lettering,Dimensional Signs GTA,Custom 3D Lettering,3D Sign Company Vaughan,Illuminated 3D Logos,Metal Fabricated Letters,Foam & Acrylic Letters,3D Signs Near Me,Custom Depths & Finish,Signarama Vaughan,2in to 6ft+ Letters,In-House Fabrication,Free 3D Sign Quote,Professional Install,Halo-Lit 3D Signs,Custom 3D signs and dimensional lettering. Aluminum acrylic PVC stainless steel and foam. Letters from 2 inches to 6+ feet tall.,3D signs that add depth shadow and presence. Front-lit back-lit or edge-lit options. In-house fabrication by Signarama Vaughan.,Dimensional signs and lettering fabricated in-house. Custom finishes and materials. Serving businesses across the GTA.,Get a free quote on 3D signs. Professional design fabrication and installation. We respond within 24 hours. 905-597-8635.,3d-signs,vaughan,https://custombusinesssigns.ca/services/3d-signs-lettering,Enabled,,,,,
3D Signs & Lettering - GTA,,,,,,,,,,,,,,,,,,,,,,,,,,,,,,,,,,,,,,,https://custombusinesssigns.ca/#quote,,Free Quote,Get your free sign quote,We respond within 24 hours,https://custombusinesssigns.ca/#quote,
3D Signs & Lettering - GTA,,,,,,,,,,,,,,,,,,,,,,,,,,,,,,,,,,,,,,,https://custombusinesssigns.ca/services,,Our Services,Channel letters wraps & more,Full range of custom signs,https://custombusinesssigns.ca/services,
3D Signs & Lettering - GTA,,,,,,,,,,,,,,,,,,,,,,,,,,,,,,,,,,,,,,,https://custombusinesssigns.ca/about,,About Us,700+ Signarama locations,Locally owned in Vaughan ON,https://custombusinesssigns.ca/about,
3D Signs & Lettering - GTA,,,,,,,,,,,,,,,,,,,,,,,,,,,,,,,,,,,,,,,https://custombusinesssigns.ca/contact,,Contact Us,Call 905-597-8635,Visit our Vaughan showroom,https://custombusinesssigns.ca/contact,
3D Signs & Lettering - GTA,,,,,,,,,,,,,,,,,,,,,,,,,,,,,,,,,,,,,,,,,,,,,Free Quotes
3D Signs & Lettering - GTA,,,,,,,,,,,,,,,,,,,,,,,,,,,,,,,,,,,,,,,,,,,,,In-House Fabrication
3D Signs & Lettering - GTA,,,,,,,,,,,,,,,,,,,,,,,,,,,,,,,,,,,,,,,,,,,,,4.9★ Google Rated
3D Signs & Lettering - GTA,,,,,,,,,,,,,,,,,,,,,,,,,,,,,,,,,,,,,,,,,,,,,Permit Handling
3D Signs & Lettering - GTA,,,,,,,,,,,,,,,,,,,,,,,,,,,,,,,,,,,,,,,,,,,,,24hr Quote Response
3D Signs & Lettering - GTA,,,,,,,,,,,,,,,,,,,,,,,,,,,,,,,,,,,,,,,,,,,,,Serving All of the GTA
Window Graphics - GTA,Search,Paused,15.00,Daily,Maximize conversions,Google Search,"(Monday[10:00-18:00]);(Tuesday[10:00-18:00]);(Wednesday[10:00-18:00]);(Thursday[10:00-18:00]);(Friday[10:00-18:00])",2026-03-02,en,"Vaughan ON CA;Toronto ON CA;Brampton ON CA;Mississauga ON CA;Markham ON CA;Richmond Hill ON CA;Newmarket ON CA;Aurora ON CA;Oakville ON CA;Burlington ON CA",,,,,,,,,,,,,,,,,,,,,,,,,,,,,,,,,,,
Window Graphics - GTA,,,,,,,,,,,Window Graphics - Exact,Standard,,Enabled,[window graphics],Exact,Enabled,,,,,,,,,,,,,,,,,,,,,,,,,,,,
Window Graphics - GTA,,,,,,,,,,,Window Graphics - Exact,,,,[window decals],Exact,Enabled,,,,,,,,,,,,,,,,,,,,,,,,,,,,
Window Graphics - GTA,,,,,,,,,,,Window Graphics - Exact,,,,[window vinyl],Exact,Enabled,,,,,,,,,,,,,,,,,,,,,,,,,,,,
Window Graphics - GTA,,,,,,,,,,,Window Graphics - Exact,,,,[frosted window film],Exact,Enabled,,,,,,,,,,,,,,,,,,,,,,,,,,,,
Window Graphics - GTA,,,,,,,,,,,Window Graphics - Exact,,,,[window graphics vaughan],Exact,Enabled,,,,,,,,,,,,,,,,,,,,,,,,,,,,
Window Graphics - GTA,,,,,,,,,,,Window Graphics - Exact,,,,[perforated window vinyl],Exact,Enabled,,,,,,,,,,,,,,,,,,,,,,,,,,,,
Window Graphics - GTA,,,,,,,,,,,Window Graphics - Exact,,,,[window signs],Exact,Enabled,,,,,,,,,,,,,,,,,,,,,,,,,,,,
Window Graphics - GTA,,,,,,,,,,,Window Graphics - Exact,,,,[storefront window graphics],Exact,Enabled,,,,,,,,,,,,,,,,,,,,,,,,,,,,
Window Graphics - GTA,,,,,,,,,,,Window Graphics - Phrase,Standard,,Enabled,"""window graphics""",Phrase,Enabled,,,,,,,,,,,,,,,,,,,,,,,,,,,,
Window Graphics - GTA,,,,,,,,,,,Window Graphics - Phrase,,,,"""window decal""",Phrase,Enabled,,,,,,,,,,,,,,,,,,,,,,,,,,,,
Window Graphics - GTA,,,,,,,,,,,Window Graphics - Phrase,,,,"""window vinyl""",Phrase,Enabled,,,,,,,,,,,,,,,,,,,,,,,,,,,,
Window Graphics - GTA,,,,,,,,,,,Window Graphics - Phrase,,,,"""frosted film""",Phrase,Enabled,,,,,,,,,,,,,,,,,,,,,,,,,,,,
Window Graphics - GTA,,,,,,,,,,,Window Graphics - Phrase,,,,"""window sign""",Phrase,Enabled,,,,,,,,,,,,,,,,,,,,,,,,,,,,
Window Graphics - GTA,,,,,,,,,,,Window Graphics - Exact,,,,,,,Custom Window Graphics,Window Decals & Vinyl,Frosted Window Film,Window Graphics Vaughan,Perforated Window Vinyl,Full Window Wraps,Storefront Windows,Privacy Film,UV-Protective Films,Signarama Vaughan,Seasonal Promotions,Window Lettering,Free Quote Today,Professional Install,Lasts 3-5+ Years,Custom window graphics decals and frosted film. Turn unused glass into branding space. Free quotes from Signarama Vaughan.,Perforated vinyl that shows your brand outside while allowing clear visibility inside. Professional installation across the GTA.,Window vinyl lettering frosted film and full window wraps. Interior graphics last 5+ years. Call 905-597-8635 for a free quote.,Get a free quote on window graphics for your business. Promotional seasonal and permanent options available. We respond in 24 hours.,window-graphics,gta,https://custombusinesssigns.ca/window-graphics,Enabled,,,,,
Window Graphics - GTA,,,,,,,,,,,,,,,,,,,,,,,,,,,,,,,,,,,,,,,https://custombusinesssigns.ca/#quote,,Free Quote,Get your free sign quote,We respond within 24 hours,https://custombusinesssigns.ca/#quote,
Window Graphics - GTA,,,,,,,,,,,,,,,,,,,,,,,,,,,,,,,,,,,,,,,https://custombusinesssigns.ca/services,,Our Services,Channel letters wraps & more,Full range of custom signs,https://custombusinesssigns.ca/services,
Window Graphics - GTA,,,,,,,,,,,,,,,,,,,,,,,,,,,,,,,,,,,,,,,https://custombusinesssigns.ca/about,,About Us,700+ Signarama locations,Locally owned in Vaughan ON,https://custombusinesssigns.ca/about,
Window Graphics - GTA,,,,,,,,,,,,,,,,,,,,,,,,,,,,,,,,,,,,,,,https://custombusinesssigns.ca/contact,,Contact Us,Call 905-597-8635,Visit our Vaughan showroom,https://custombusinesssigns.ca/contact,
Window Graphics - GTA,,,,,,,,,,,,,,,,,,,,,,,,,,,,,,,,,,,,,,,,,,,,,Free Quotes
Window Graphics - GTA,,,,,,,,,,,,,,,,,,,,,,,,,,,,,,,,,,,,,,,,,,,,,In-House Fabrication
Window Graphics - GTA,,,,,,,,,,,,,,,,,,,,,,,,,,,,,,,,,,,,,,,,,,,,,4.9★ Google Rated
Window Graphics - GTA,,,,,,,,,,,,,,,,,,,,,,,,,,,,,,,,,,,,,,,,,,,,,Permit Handling
Window Graphics - GTA,,,,,,,,,,,,,,,,,,,,,,,,,,,,,,,,,,,,,,,,,,,,,24hr Quote Response
Window Graphics - GTA,,,,,,,,,,,,,,,,,,,,,,,,,,,,,,,,,,,,,,,,,,,,,Serving All of the GTA
Construction Signs - GTA,Search,Paused,15.00,Daily,Maximize conversions,Google Search,"(Monday[10:00-18:00]);(Tuesday[10:00-18:00]);(Wednesday[10:00-18:00]);(Thursday[10:00-18:00]);(Friday[10:00-18:00])",2026-03-02,en,"Vaughan ON CA;Toronto ON CA;Brampton ON CA;Mississauga ON CA;Markham ON CA;Richmond Hill ON CA;Newmarket ON CA;Aurora ON CA;Oakville ON CA;Burlington ON CA",,,,,,,,,,,,,,,,,,,,,,,,,,,,,,,,,,,
Construction Signs - GTA,,,,,,,,,,,Construction Signs - Exact,Standard,,Enabled,[construction signs],Exact,Enabled,,,,,,,,,,,,,,,,,,,,,,,,,,,,
Construction Signs - GTA,,,,,,,,,,,Construction Signs - Exact,,,,[construction site signs],Exact,Enabled,,,,,,,,,,,,,,,,,,,,,,,,,,,,
Construction Signs - GTA,,,,,,,,,,,Construction Signs - Exact,,,,[hoarding graphics],Exact,Enabled,,,,,,,,,,,,,,,,,,,,,,,,,,,,
Construction Signs - GTA,,,,,,,,,,,Construction Signs - Exact,,,,[development signs],Exact,Enabled,,,,,,,,,,,,,,,,,,,,,,,,,,,,
Construction Signs - GTA,,,,,,,,,,,Construction Signs - Exact,,,,[construction signage],Exact,Enabled,,,,,,,,,,,,,,,,,,,,,,,,,,,,
Construction Signs - GTA,,,,,,,,,,,Construction Signs - Exact,,,,[site identification signs],Exact,Enabled,,,,,,,,,,,,,,,,,,,,,,,,,,,,
Construction Signs - GTA,,,,,,,,,,,Construction Signs - Exact,,,,[real estate development signs],Exact,Enabled,,,,,,,,,,,,,,,,,,,,,,,,,,,,
Construction Signs - GTA,,,,,,,,,,,Construction Signs - Exact,,,,[safety signs construction],Exact,Enabled,,,,,,,,,,,,,,,,,,,,,,,,,,,,
Construction Signs - GTA,,,,,,,,,,,Construction Signs - Phrase,Standard,,Enabled,"""construction sign""",Phrase,Enabled,,,,,,,,,,,,,,,,,,,,,,,,,,,,
Construction Signs - GTA,,,,,,,,,,,Construction Signs - Phrase,,,,"""hoarding graphic""",Phrase,Enabled,,,,,,,,,,,,,,,,,,,,,,,,,,,,
Construction Signs - GTA,,,,,,,,,,,Construction Signs - Phrase,,,,"""development sign""",Phrase,Enabled,,,,,,,,,,,,,,,,,,,,,,,,,,,,
Construction Signs - GTA,,,,,,,,,,,Construction Signs - Phrase,,,,"""site sign""",Phrase,Enabled,,,,,,,,,,,,,,,,,,,,,,,,,,,,
Construction Signs - GTA,,,,,,,,,,,Construction Signs - Phrase,,,,"""construction signage""",Phrase,Enabled,,,,,,,,,,,,,,,,,,,,,,,,,,,,
Construction Signs - GTA,,,,,,,,,,,Construction Signs - Exact,,,,,,,Construction Signs,Hoarding Graphics,Site Identification Signs,Development Signage,Safety & Compliance,Construction Signs GTA,Temporary Event Signs,Real Estate Signs,Directional Signage,Signarama Vaughan,2-5 Day Production,Rush Orders Available,Durable Materials,Free Quote Today,Professional Install,Construction and development signage — hoarding graphics site ID signs directional signage and safety postings. Free quotes available.,Durable construction signs produced in 2-5 business days. Rush orders available. Coroplast aluminum composite and vinyl on plywood.,Complete construction signage solutions. Regulatory compliance and project marketing. Serving developers across the GTA.,Get a free quote on construction signs. Professional production and installation. We respond within 24 hours. 905-597-8635.,construction-signs,gta,https://custombusinesssigns.ca/construction-signs,Enabled,,,,,
Construction Signs - GTA,,,,,,,,,,,,,,,,,,,,,,,,,,,,,,,,,,,,,,,https://custombusinesssigns.ca/#quote,,Free Quote,Get your free sign quote,We respond within 24 hours,https://custombusinesssigns.ca/#quote,
Construction Signs - GTA,,,,,,,,,,,,,,,,,,,,,,,,,,,,,,,,,,,,,,,https://custombusinesssigns.ca/services,,Our Services,Channel letters wraps & more,Full range of custom signs,https://custombusinesssigns.ca/services,
Construction Signs - GTA,,,,,,,,,,,,,,,,,,,,,,,,,,,,,,,,,,,,,,,https://custombusinesssigns.ca/about,,About Us,700+ Signarama locations,Locally owned in Vaughan ON,https://custombusinesssigns.ca/about,
Construction Signs - GTA,,,,,,,,,,,,,,,,,,,,,,,,,,,,,,,,,,,,,,,https://custombusinesssigns.ca/contact,,Contact Us,Call 905-597-8635,Visit our Vaughan showroom,https://custombusinesssigns.ca/contact,
Construction Signs - GTA,,,,,,,,,,,,,,,,,,,,,,,,,,,,,,,,,,,,,,,,,,,,,Free Quotes
Construction Signs - GTA,,,,,,,,,,,,,,,,,,,,,,,,,,,,,,,,,,,,,,,,,,,,,In-House Fabrication
Construction Signs - GTA,,,,,,,,,,,,,,,,,,,,,,,,,,,,,,,,,,,,,,,,,,,,,4.9★ Google Rated
Construction Signs - GTA,,,,,,,,,,,,,,,,,,,,,,,,,,,,,,,,,,,,,,,,,,,,,Permit Handling
Construction Signs - GTA,,,,,,,,,,,,,,,,,,,,,,,,,,,,,,,,,,,,,,,,,,,,,24hr Quote Response
Construction Signs - GTA,,,,,,,,,,,,,,,,,,,,,,,,,,,,,,,,,,,,,,,,,,,,,Serving All of the GTA
Digital Signs - GTA,Search,Paused,15.00,Daily,Maximize conversions,Google Search,"(Monday[10:00-18:00]);(Tuesday[10:00-18:00]);(Wednesday[10:00-18:00]);(Thursday[10:00-18:00]);(Friday[10:00-18:00])",2026-03-02,en,"Vaughan ON CA;Toronto ON CA;Brampton ON CA;Mississauga ON CA;Markham ON CA;Richmond Hill ON CA;Newmarket ON CA;Aurora ON CA;Oakville ON CA;Burlington ON CA",,,,,,,,,,,,,,,,,,,,,,,,,,,,,,,,,,,
Digital Signs - GTA,,,,,,,,,,,Digital Signs - Exact,Standard,,Enabled,[digital signs],Exact,Enabled,,,,,,,,,,,,,,,,,,,,,,,,,,,,
Digital Signs - GTA,,,,,,,,,,,Digital Signs - Exact,,,,[LED message board],Exact,Enabled,,,,,,,,,,,,,,,,,,,,,,,,,,,,
Digital Signs - GTA,,,,,,,,,,,Digital Signs - Exact,,,,[digital signage],Exact,Enabled,,,,,,,,,,,,,,,,,,,,,,,,,,,,
Digital Signs - GTA,,,,,,,,,,,Digital Signs - Exact,,,,[digital signs vaughan],Exact,Enabled,,,,,,,,,,,,,,,,,,,,,,,,,,,,
Digital Signs - GTA,,,,,,,,,,,Digital Signs - Exact,,,,[LED display sign],Exact,Enabled,,,,,,,,,,,,,,,,,,,,,,,,,,,,
Digital Signs - GTA,,,,,,,,,,,Digital Signs - Exact,,,,[electronic sign],Exact,Enabled,,,,,,,,,,,,,,,,,,,,,,,,,,,,
Digital Signs - GTA,,,,,,,,,,,Digital Signs - Exact,,,,[digital menu board],Exact,Enabled,,,,,,,,,,,,,,,,,,,,,,,,,,,,
Digital Signs - GTA,,,,,,,,,,,Digital Signs - Exact,,,,[outdoor LED sign],Exact,Enabled,,,,,,,,,,,,,,,,,,,,,,,,,,,,
Digital Signs - GTA,,,,,,,,,,,Digital Signs - Phrase,Standard,,Enabled,"""digital sign""",Phrase,Enabled,,,,,,,,,,,,,,,,,,,,,,,,,,,,
Digital Signs - GTA,,,,,,,,,,,Digital Signs - Phrase,,,,"""LED display""",Phrase,Enabled,,,,,,,,,,,,,,,,,,,,,,,,,,,,
Digital Signs - GTA,,,,,,,,,,,Digital Signs - Phrase,,,,"""digital signage""",Phrase,Enabled,,,,,,,,,,,,,,,,,,,,,,,,,,,,
Digital Signs - GTA,,,,,,,,,,,Digital Signs - Phrase,,,,"""electronic sign""",Phrase,Enabled,,,,,,,,,,,,,,,,,,,,,,,,,,,,
Digital Signs - GTA,,,,,,,,,,,Digital Signs - Phrase,,,,"""LED message board""",Phrase,Enabled,,,,,,,,,,,,,,,,,,,,,,,,,,,,
Digital Signs - GTA,,,,,,,,,,,Digital Signs - Exact,,,,,,,Digital Signs,LED Message Boards,Digital Signage GTA,Outdoor LED Displays,Indoor Digital Screens,Digital Menu Boards,Video Walls,Digital Signs Vaughan,Cloud-Based Content,Signarama Vaughan,5000-8000 Nits Bright,Update From Your Phone,Content Management,Free Digital Quote,Professional Install,Digital signs and LED displays for dynamic messaging. Update content instantly from any device. Cloud-based management included.,Outdoor LED signs with 5000-8000 nits of brightness — visible in direct sunlight. Supply install and configure by Signarama Vaughan.,Indoor and outdoor digital signage solutions. Menu boards video walls and message centres. Serving businesses across the GTA.,Get a free quote on digital signs. Professional installation and content management setup included. Call 905-597-8635.,digital-signs,gta,https://custombusinesssigns.ca/services/digital-signs,Enabled,,,,,
Digital Signs - GTA,,,,,,,,,,,,,,,,,,,,,,,,,,,,,,,,,,,,,,,https://custombusinesssigns.ca/#quote,,Free Quote,Get your free sign quote,We respond within 24 hours,https://custombusinesssigns.ca/#quote,
Digital Signs - GTA,,,,,,,,,,,,,,,,,,,,,,,,,,,,,,,,,,,,,,,https://custombusinesssigns.ca/services,,Our Services,Channel letters wraps & more,Full range of custom signs,https://custombusinesssigns.ca/services,
Digital Signs - GTA,,,,,,,,,,,,,,,,,,,,,,,,,,,,,,,,,,,,,,,https://custombusinesssigns.ca/about,,About Us,700+ Signarama locations,Locally owned in Vaughan ON,https://custombusinesssigns.ca/about,
Digital Signs - GTA,,,,,,,,,,,,,,,,,,,,,,,,,,,,,,,,,,,,,,,https://custombusinesssigns.ca/contact,,Contact Us,Call 905-597-8635,Visit our Vaughan showroom,https://custombusinesssigns.ca/contact,
Digital Signs - GTA,,,,,,,,,,,,,,,,,,,,,,,,,,,,,,,,,,,,,,,,,,,,,Free Quotes
Digital Signs - GTA,,,,,,,,,,,,,,,,,,,,,,,,,,,,,,,,,,,,,,,,,,,,,In-House Fabrication
Digital Signs - GTA,,,,,,,,,,,,,,,,,,,,,,,,,,,,,,,,,,,,,,,,,,,,,4.9★ Google Rated
Digital Signs - GTA,,,,,,,,,,,,,,,,,,,,,,,,,,,,,,,,,,,,,,,,,,,,,Permit Handling
Digital Signs - GTA,,,,,,,,,,,,,,,,,,,,,,,,,,,,,,,,,,,,,,,,,,,,,24hr Quote Response
Digital Signs - GTA,,,,,,,,,,,,,,,,,,,,,,,,,,,,,,,,,,,,,,,,,,,,,Serving All of the GTA
Awning Graphics - GTA,Search,Paused,10.00,Daily,Maximize conversions,Google Search,"(Monday[10:00-18:00]);(Tuesday[10:00-18:00]);(Wednesday[10:00-18:00]);(Thursday[10:00-18:00]);(Friday[10:00-18:00])",2026-03-02,en,"Vaughan ON CA;Toronto ON CA;Brampton ON CA;Mississauga ON CA;Markham ON CA;Richmond Hill ON CA;Newmarket ON CA;Aurora ON CA;Oakville ON CA;Burlington ON CA",,,,,,,,,,,,,,,,,,,,,,,,,,,,,,,,,,,
Awning Graphics - GTA,,,,,,,,,,,Awning Graphics - Exact,Standard,,Enabled,[awning graphics],Exact,Enabled,,,,,,,,,,,,,,,,,,,,,,,,,,,,
Awning Graphics - GTA,,,,,,,,,,,Awning Graphics - Exact,,,,[custom awnings],Exact,Enabled,,,,,,,,,,,,,,,,,,,,,,,,,,,,
Awning Graphics - GTA,,,,,,,,,,,Awning Graphics - Exact,,,,[awning signs],Exact,Enabled,,,,,,,,,,,,,,,,,,,,,,,,,,,,
Awning Graphics - GTA,,,,,,,,,,,Awning Graphics - Exact,,,,[backlit awning],Exact,Enabled,,,,,,,,,,,,,,,,,,,,,,,,,,,,
Awning Graphics - GTA,,,,,,,,,,,Awning Graphics - Exact,,,,[business awning],Exact,Enabled,,,,,,,,,,,,,,,,,,,,,,,,,,,,
Awning Graphics - GTA,,,,,,,,,,,Awning Graphics - Exact,,,,[awning installation vaughan],Exact,Enabled,,,,,,,,,,,,,,,,,,,,,,,,,,,,
Awning Graphics - GTA,,,,,,,,,,,Awning Graphics - Exact,,,,[storefront awning],Exact,Enabled,,,,,,,,,,,,,,,,,,,,,,,,,,,,
Awning Graphics - GTA,,,,,,,,,,,Awning Graphics - Exact,,,,[printed awning],Exact,Enabled,,,,,,,,,,,,,,,,,,,,,,,,,,,,
Awning Graphics - GTA,,,,,,,,,,,Awning Graphics - Phrase,Standard,,Enabled,"""awning sign""",Phrase,Enabled,,,,,,,,,,,,,,,,,,,,,,,,,,,,
Awning Graphics - GTA,,,,,,,,,,,Awning Graphics - Phrase,,,,"""custom awning""",Phrase,Enabled,,,,,,,,,,,,,,,,,,,,,,,,,,,,
Awning Graphics - GTA,,,,,,,,,,,Awning Graphics - Phrase,,,,"""awning graphic""",Phrase,Enabled,,,,,,,,,,,,,,,,,,,,,,,,,,,,
Awning Graphics - GTA,,,,,,,,,,,Awning Graphics - Phrase,,,,"""backlit awning""",Phrase,Enabled,,,,,,,,,,,,,,,,,,,,,,,,,,,,
Awning Graphics - GTA,,,,,,,,,,,Awning Graphics - Phrase,,,,"""storefront awning""",Phrase,Enabled,,,,,,,,,,,,,,,,,,,,,,,,,,,,
Awning Graphics - GTA,,,,,,,,,,,Awning Graphics - Exact,,,,,,,Custom Awning Graphics,Awning Signs Vaughan,Backlit Awning Signs,Printed Fabric Awnings,Storefront Awnings,Retractable Awnings,Custom Shapes & Sizes,Weather-Resistant,Awning Installation,Signarama Vaughan,Lasts 5-8 Years,Metal Canopies,Free Awning Quote,Professional Install,Branding & Shade,Custom awning graphics that provide branding and shade. Printed fabric awnings backlit options and metal canopies. Free quotes.,Stylish storefront awnings with UV-resistant inks lasting 5-8 years. Custom shapes and sizes. Installed by Signarama Vaughan.,Awning signs that combine form and function — weather protection glare reduction and valuable branding space. Serving the GTA.,Get a free quote on custom awnings. Printed backlit and retractable options available. Professional installation. 905-597-8635.,awning-graphics,gta,https://custombusinesssigns.ca/services/awning-graphics,Enabled,,,,,
Awning Graphics - GTA,,,,,,,,,,,,,,,,,,,,,,,,,,,,,,,,,,,,,,,https://custombusinesssigns.ca/#quote,,Free Quote,Get your free sign quote,We respond within 24 hours,https://custombusinesssigns.ca/#quote,
Awning Graphics - GTA,,,,,,,,,,,,,,,,,,,,,,,,,,,,,,,,,,,,,,,https://custombusinesssigns.ca/services,,Our Services,Channel letters wraps & more,Full range of custom signs,https://custombusinesssigns.ca/services,
Awning Graphics - GTA,,,,,,,,,,,,,,,,,,,,,,,,,,,,,,,,,,,,,,,https://custombusinesssigns.ca/about,,About Us,700+ Signarama locations,Locally owned in Vaughan ON,https://custombusinesssigns.ca/about,
Awning Graphics - GTA,,,,,,,,,,,,,,,,,,,,,,,,,,,,,,,,,,,,,,,https://custombusinesssigns.ca/contact,,Contact Us,Call 905-597-8635,Visit our Vaughan showroom,https://custombusinesssigns.ca/contact,
Awning Graphics - GTA,,,,,,,,,,,,,,,,,,,,,,,,,,,,,,,,,,,,,,,,,,,,,Free Quotes
Awning Graphics - GTA,,,,,,,,,,,,,,,,,,,,,,,,,,,,,,,,,,,,,,,,,,,,,In-House Fabrication
Awning Graphics - GTA,,,,,,,,,,,,,,,,,,,,,,,,,,,,,,,,,,,,,,,,,,,,,4.9★ Google Rated
Awning Graphics - GTA,,,,,,,,,,,,,,,,,,,,,,,,,,,,,,,,,,,,,,,,,,,,,Permit Handling
Awning Graphics - GTA,,,,,,,,,,,,,,,,,,,,,,,,,,,,,,,,,,,,,,,,,,,,,24hr Quote Response
Awning Graphics - GTA,,,,,,,,,,,,,,,,,,,,,,,,,,,,,,,,,,,,,,,,,,,,,Serving All of the GTA
LED Backlit Signs - GTA,Search,Paused,15.00,Daily,Maximize conversions,Google Search,"(Monday[10:00-18:00]);(Tuesday[10:00-18:00]);(Wednesday[10:00-18:00]);(Thursday[10:00-18:00]);(Friday[10:00-18:00])",2026-03-02,en,"Vaughan ON CA;Toronto ON CA;Brampton ON CA;Mississauga ON CA;Markham ON CA;Richmond Hill ON CA;Newmarket ON CA;Aurora ON CA;Oakville ON CA;Burlington ON CA",,,,,,,,,,,,,,,,,,,,,,,,,,,,,,,,,,,
LED Backlit Signs - GTA,,,,,,,,,,,LED Backlit Signs - Exact,Standard,,Enabled,[LED backlit signs],Exact,Enabled,,,,,,,,,,,,,,,,,,,,,,,,,,,,
LED Backlit Signs - GTA,,,,,,,,,,,LED Backlit Signs - Exact,,,,[halo lit signs],Exact,Enabled,,,,,,,,,,,,,,,,,,,,,,,,,,,,
LED Backlit Signs - GTA,,,,,,,,,,,LED Backlit Signs - Exact,,,,[backlit channel letters],Exact,Enabled,,,,,,,,,,,,,,,,,,,,,,,,,,,,
LED Backlit Signs - GTA,,,,,,,,,,,LED Backlit Signs - Exact,,,,[LED halo signs],Exact,Enabled,,,,,,,,,,,,,,,,,,,,,,,,,,,,
LED Backlit Signs - GTA,,,,,,,,,,,LED Backlit Signs - Exact,,,,[backlit lobby sign],Exact,Enabled,,,,,,,,,,,,,,,,,,,,,,,,,,,,
LED Backlit Signs - GTA,,,,,,,,,,,LED Backlit Signs - Exact,,,,[reverse lit signs],Exact,Enabled,,,,,,,,,,,,,,,,,,,,,,,,,,,,
LED Backlit Signs - GTA,,,,,,,,,,,LED Backlit Signs - Exact,,,,[backlit sign company],Exact,Enabled,,,,,,,,,,,,,,,,,,,,,,,,,,,,
LED Backlit Signs - GTA,,,,,,,,,,,LED Backlit Signs - Exact,,,,[LED backlit letters],Exact,Enabled,,,,,,,,,,,,,,,,,,,,,,,,,,,,
LED Backlit Signs - GTA,,,,,,,,,,,LED Backlit Signs - Phrase,Standard,,Enabled,"""backlit sign""",Phrase,Enabled,,,,,,,,,,,,,,,,,,,,,,,,,,,,
LED Backlit Signs - GTA,,,,,,,,,,,LED Backlit Signs - Phrase,,,,"""halo lit sign""",Phrase,Enabled,,,,,,,,,,,,,,,,,,,,,,,,,,,,
LED Backlit Signs - GTA,,,,,,,,,,,LED Backlit Signs - Phrase,,,,"""LED backlit""",Phrase,Enabled,,,,,,,,,,,,,,,,,,,,,,,,,,,,
LED Backlit Signs - GTA,,,,,,,,,,,LED Backlit Signs - Phrase,,,,"""reverse lit""",Phrase,Enabled,,,,,,,,,,,,,,,,,,,,,,,,,,,,
LED Backlit Signs - GTA,,,,,,,,,,,LED Backlit Signs - Phrase,,,,"""backlit letters""",Phrase,Enabled,,,,,,,,,,,,,,,,,,,,,,,,,,,,
LED Backlit Signs - GTA,,,,,,,,,,,LED Backlit Signs - Exact,,,,,,,LED Backlit Signs,Halo-Lit Channel Letters,Backlit Lobby Signs,Edge-Lit Acrylic Signs,Reverse-Lit Letters,LED Backlit Vaughan,Premium Glow Effect,Brushed Metal Signs,Indoor & Outdoor,Signarama Vaughan,Custom Color Temps,Architectural Look,Free Backlit Quote,In-House Fabrication,Professional Install,LED backlit signs with a distinctive halo glow effect. Popular with hotels medical offices and premium retail brands. Free quotes.,Halo-lit channel letters and backlit dimensional logos. Custom color temperatures. In-house fabrication by Signarama Vaughan.,Backlit signs that project light behind letters creating a sophisticated architectural look. Indoor and outdoor options. Serving the GTA.,Get a free quote on LED backlit signs. Edge-lit acrylic and brushed metal options available. Professional installation. 905-597-8635.,led-backlit,vaughan,https://custombusinesssigns.ca/services/led-backlit-signs,Enabled,,,,,
LED Backlit Signs - GTA,,,,,,,,,,,,,,,,,,,,,,,,,,,,,,,,,,,,,,,https://custombusinesssigns.ca/#quote,,Free Quote,Get your free sign quote,We respond within 24 hours,https://custombusinesssigns.ca/#quote,
LED Backlit Signs - GTA,,,,,,,,,,,,,,,,,,,,,,,,,,,,,,,,,,,,,,,https://custombusinesssigns.ca/services,,Our Services,Channel letters wraps & more,Full range of custom signs,https://custombusinesssigns.ca/services,
LED Backlit Signs - GTA,,,,,,,,,,,,,,,,,,,,,,,,,,,,,,,,,,,,,,,https://custombusinesssigns.ca/about,,About Us,700+ Signarama locations,Locally owned in Vaughan ON,https://custombusinesssigns.ca/about,
LED Backlit Signs - GTA,,,,,,,,,,,,,,,,,,,,,,,,,,,,,,,,,,,,,,,https://custombusinesssigns.ca/contact,,Contact Us,Call 905-597-8635,Visit our Vaughan showroom,https://custombusinesssigns.ca/contact,
LED Backlit Signs - GTA,,,,,,,,,,,,,,,,,,,,,,,,,,,,,,,,,,,,,,,,,,,,,Free Quotes
LED Backlit Signs - GTA,,,,,,,,,,,,,,,,,,,,,,,,,,,,,,,,,,,,,,,,,,,,,In-House Fabrication
LED Backlit Signs - GTA,,,,,,,,,,,,,,,,,,,,,,,,,,,,,,,,,,,,,,,,,,,,,4.9★ Google Rated
LED Backlit Signs - GTA,,,,,,,,,,,,,,,,,,,,,,,,,,,,,,,,,,,,,,,,,,,,,Permit Handling
LED Backlit Signs - GTA,,,,,,,,,,,,,,,,,,,,,,,,,,,,,,,,,,,,,,,,,,,,,24hr Quote Response
LED Backlit Signs - GTA,,,,,,,,,,,,,,,,,,,,,,,,,,,,,,,,,,,,,,,,,,,,,Serving All of the GTA
Custom Signs - GTA,Search,Paused,35.00,Daily,Maximize conversions,Google Search,"(Monday[10:00-18:00]);(Tuesday[10:00-18:00]);(Wednesday[10:00-18:00]);(Thursday[10:00-18:00]);(Friday[10:00-18:00])",2026-03-02,en,"Vaughan ON CA;Toronto ON CA;Brampton ON CA;Mississauga ON CA;Markham ON CA;Richmond Hill ON CA;Newmarket ON CA;Aurora ON CA;Oakville ON CA;Burlington ON CA",,,,,,,,,,,,,,,,,,,,,,,,,,,,,,,,,,,
Custom Signs - GTA,,,,,,,,,,,Custom Signs - Exact,Standard,,Enabled,[custom signs],Exact,Enabled,,,,,,,,,,,,,,,,,,,,,,,,,,,,
Custom Signs - GTA,,,,,,,,,,,Custom Signs - Exact,,,,[custom signs vaughan],Exact,Enabled,,,,,,,,,,,,,,,,,,,,,,,,,,,,
Custom Signs - GTA,,,,,,,,,,,Custom Signs - Exact,,,,[sign company near me],Exact,Enabled,,,,,,,,,,,,,,,,,,,,,,,,,,,,
Custom Signs - GTA,,,,,,,,,,,Custom Signs - Exact,,,,[sign company vaughan],Exact,Enabled,,,,,,,,,,,,,,,,,,,,,,,,,,,,
Custom Signs - GTA,,,,,,,,,,,Custom Signs - Exact,,,,[custom business signs],Exact,Enabled,,,,,,,,,,,,,,,,,,,,,,,,,,,,
Custom Signs - GTA,,,,,,,,,,,Custom Signs - Exact,,,,[signage company GTA],Exact,Enabled,,,,,,,,,,,,,,,,,,,,,,,,,,,,
Custom Signs - GTA,,,,,,,,,,,Custom Signs - Exact,,,,[sign maker near me],Exact,Enabled,,,,,,,,,,,,,,,,,,,,,,,,,,,,
Custom Signs - GTA,,,,,,,,,,,Custom Signs - Exact,,,,[commercial signs toronto],Exact,Enabled,,,,,,,,,,,,,,,,,,,,,,,,,,,,
Custom Signs - GTA,,,,,,,,,,,Custom Signs - Exact,,,,[business sign company],Exact,Enabled,,,,,,,,,,,,,,,,,,,,,,,,,,,,
Custom Signs - GTA,,,,,,,,,,,Custom Signs - Exact,,,,[outdoor business signs],Exact,Enabled,,,,,,,,,,,,,,,,,,,,,,,,,,,,
Custom Signs - GTA,,,,,,,,,,,Custom Signs - Phrase,Standard,,Enabled,"""custom signs""",Phrase,Enabled,,,,,,,,,,,,,,,,,,,,,,,,,,,,
Custom Signs - GTA,,,,,,,,,,,Custom Signs - Phrase,,,,"""sign company""",Phrase,Enabled,,,,,,,,,,,,,,,,,,,,,,,,,,,,
Custom Signs - GTA,,,,,,,,,,,Custom Signs - Phrase,,,,"""business signs""",Phrase,Enabled,,,,,,,,,,,,,,,,,,,,,,,,,,,,
Custom Signs - GTA,,,,,,,,,,,Custom Signs - Phrase,,,,"""signage company""",Phrase,Enabled,,,,,,,,,,,,,,,,,,,,,,,,,,,,
Custom Signs - GTA,,,,,,,,,,,Custom Signs - Phrase,,,,"""commercial signage""",Phrase,Enabled,,,,,,,,,,,,,,,,,,,,,,,,,,,,
Custom Signs - GTA,,,,,,,,,,,Custom Signs - Phrase,,,,"""sign installation""",Phrase,Enabled,,,,,,,,,,,,,,,,,,,,,,,,,,,,
Custom Signs - GTA,,,,,,,,,,,Custom Signs - Exact,,,,,,,Custom Business Signs,Sign Company Vaughan,Custom Signs Near Me,Business Signage GTA,Sign Maker Vaughan ON,Get Your Custom Sign,In-House Fabrication,700+ Locations Worldwide,Signarama Vaughan,4.9★ Google Reviewed,Free Sign Consultation,Design Build & Install,Commercial Signage,Signs For Any Business,Trusted by Top Brands,Custom signs designed fabricated and installed in-house by Signarama Vaughan. Worlds largest sign franchise. Free quotes. 905-597-8635.,Full-service sign company serving the GTA. Channel letters storefront signs vehicle wraps pylon signs and more. 4.9★ rated on Google.,Custom business signage for retail restaurants offices and more. Premium materials. We handle permits. 24-hour quote response.,Signarama Vaughan — trusted by Uber Telus and York University. In-house design fabrication and installation. Get a free quote today.,custom-signs,vaughan,https://custombusinesssigns.ca,Enabled,,,,,
Custom Signs - GTA,,,,,,,,,,,,,,,,,,,,,,,,,,,,,,,,,,,,,,,https://custombusinesssigns.ca/#quote,,Free Quote,Get your free sign quote,We respond within 24 hours,https://custombusinesssigns.ca/#quote,
Custom Signs - GTA,,,,,,,,,,,,,,,,,,,,,,,,,,,,,,,,,,,,,,,https://custombusinesssigns.ca/services,,Our Services,Channel letters wraps & more,Full range of custom signs,https://custombusinesssigns.ca/services,
Custom Signs - GTA,,,,,,,,,,,,,,,,,,,,,,,,,,,,,,,,,,,,,,,https://custombusinesssigns.ca/about,,About Us,700+ Signarama locations,Locally owned in Vaughan ON,https://custombusinesssigns.ca/about,
Custom Signs - GTA,,,,,,,,,,,,,,,,,,,,,,,,,,,,,,,,,,,,,,,https://custombusinesssigns.ca/contact,,Contact Us,Call 905-597-8635,Visit our Vaughan showroom,https://custombusinesssigns.ca/contact,
Custom Signs - GTA,,,,,,,,,,,,,,,,,,,,,,,,,,,,,,,,,,,,,,,,,,,,,Free Quotes
Custom Signs - GTA,,,,,,,,,,,,,,,,,,,,,,,,,,,,,,,,,,,,,,,,,,,,,In-House Fabrication
Custom Signs - GTA,,,,,,,,,,,,,,,,,,,,,,,,,,,,,,,,,,,,,,,,,,,,,4.9★ Google Rated
Custom Signs - GTA,,,,,,,,,,,,,,,,,,,,,,,,,,,,,,,,,,,,,,,,,,,,,Permit Handling
Custom Signs - GTA,,,,,,,,,,,,,,,,,,,,,,,,,,,,,,,,,,,,,,,,,,,,,24hr Quote Response
Custom Signs - GTA,,,,,,,,,,,,,,,,,,,,,,,,,,,,,,,,,,,,,,,,,,,,,Serving All of the GTA
Custom Signs - GTA,,,,,,,,,,,,,,,"""channel letters""",Campaign Negative Phrase,Enabled,,,,,,,,,,,,,,,,,,,,,,,,,,,,
Custom Signs - GTA,,,,,,,,,,,,,,,"""storefront signs""",Campaign Negative Phrase,Enabled,,,,,,,,,,,,,,,,,,,,,,,,,,,,
Custom Signs - GTA,,,,,,,,,,,,,,,"""vehicle wraps""",Campaign Negative Phrase,Enabled,,,,,,,,,,,,,,,,,,,,,,,,,,,,
Custom Signs - GTA,,,,,,,,,,,,,,,"""car wraps""",Campaign Negative Phrase,Enabled,,,,,,,,,,,,,,,,,,,,,,,,,,,,
Custom Signs - GTA,,,,,,,,,,,,,,,"""van wraps""",Campaign Negative Phrase,Enabled,,,,,,,,,,,,,,,,,,,,,,,,,,,,
Custom Signs - GTA,,,,,,,,,,,,,,,"""fleet graphics""",Campaign Negative Phrase,Enabled,,,,,,,,,,,,,,,,,,,,,,,,,,,,
Custom Signs - GTA,,,,,,,,,,,,,,,"""illuminated signs""",Campaign Negative Phrase,Enabled,,,,,,,,,,,,,,,,,,,,,,,,,,,,
Custom Signs - GTA,,,,,,,,,,,,,,,"""light box""",Campaign Negative Phrase,Enabled,,,,,,,,,,,,,,,,,,,,,,,,,,,,
Custom Signs - GTA,,,,,,,,,,,,,,,"""pylon signs""",Campaign Negative Phrase,Enabled,,,,,,,,,,,,,,,,,,,,,,,,,,,,
Custom Signs - GTA,,,,,,,,,,,,,,,"""monument signs""",Campaign Negative Phrase,Enabled,,,,,,,,,,,,,,,,,,,,,,,,,,,,
Custom Signs - GTA,,,,,,,,,,,,,,,"""office signs""",Campaign Negative Phrase,Enabled,,,,,,,,,,,,,,,,,,,,,,,,,,,,
Custom Signs - GTA,,,,,,,,,,,,,,,"""indoor signs""",Campaign Negative Phrase,Enabled,,,,,,,,,,,,,,,,,,,,,,,,,,,,
Custom Signs - GTA,,,,,,,,,,,,,,,"""lobby signs""",Campaign Negative Phrase,Enabled,,,,,,,,,,,,,,,,,,,,,,,,,,,,
Custom Signs - GTA,,,,,,,,,,,,,,,"""reception signs""",Campaign Negative Phrase,Enabled,,,,,,,,,,,,,,,,,,,,,,,,,,,,
Custom Signs - GTA,,,,,,,,,,,,,,,"""3D signs""",Campaign Negative Phrase,Enabled,,,,,,,,,,,,,,,,,,,,,,,,,,,,
Custom Signs - GTA,,,,,,,,,,,,,,,"""dimensional signs""",Campaign Negative Phrase,Enabled,,,,,,,,,,,,,,,,,,,,,,,,,,,,
Custom Signs - GTA,,,,,,,,,,,,,,,"""window graphics""",Campaign Negative Phrase,Enabled,,,,,,,,,,,,,,,,,,,,,,,,,,,,
Custom Signs - GTA,,,,,,,,,,,,,,,"""window decals""",Campaign Negative Phrase,Enabled,,,,,,,,,,,,,,,,,,,,,,,,,,,,
Custom Signs - GTA,,,,,,,,,,,,,,,"""frosted film""",Campaign Negative Phrase,Enabled,,,,,,,,,,,,,,,,,,,,,,,,,,,,
Custom Signs - GTA,,,,,,,,,,,,,,,"""construction signs""",Campaign Negative Phrase,Enabled,,,,,,,,,,,,,,,,,,,,,,,,,,,,
Custom Signs - GTA,,,,,,,,,,,,,,,"""hoarding graphics""",Campaign Negative Phrase,Enabled,,,,,,,,,,,,,,,,,,,,,,,,,,,,
Custom Signs - GTA,,,,,,,,,,,,,,,"""digital signs""",Campaign Negative Phrase,Enabled,,,,,,,,,,,,,,,,,,,,,,,,,,,,
Custom Signs - GTA,,,,,,,,,,,,,,,"""LED display""",Campaign Negative Phrase,Enabled,,,,,,,,,,,,,,,,,,,,,,,,,,,,
Custom Signs - GTA,,,,,,,,,,,,,,,"""LED message""",Campaign Negative Phrase,Enabled,,,,,,,,,,,,,,,,,,,,,,,,,,,,
Custom Signs - GTA,,,,,,,,,,,,,,,"""awning""",Campaign Negative Phrase,Enabled,,,,,,,,,,,,,,,,,,,,,,,,,,,,
Custom Signs - GTA,,,,,,,,,,,,,,,"""backlit signs""",Campaign Negative Phrase,Enabled,,,,,,,,,,,,,,,,,,,,,,,,,,,,
Custom Signs - GTA,,,,,,,,,,,,,,,"""halo lit""",Campaign Negative Phrase,Enabled,,,,,,,,,,,,,,,,,,,,,,,,,,,,
Custom Signs - GTA,,,,,,,,,,,,,,,"""reverse lit""",Campaign Negative Phrase,Enabled,,,,,,,,,,,,,,,,,,,,,,,,,,,,
Custom Signs - GTA,,,,,,,,,,,,,,,"""LED backlit""",Campaign Negative Phrase,Enabled,,,,,,,,,,,,,,,,,,,,,,,,,,,,
Illuminated Signs - GTA,,,,,,,,,,,,,,,"""backlit""",Campaign Negative Phrase,Enabled,,,,,,,,,,,,,,,,,,,,,,,,,,,,
Illuminated Signs - GTA,,,,,,,,,,,,,,,"""halo lit""",Campaign Negative Phrase,Enabled,,,,,,,,,,,,,,,,,,,,,,,,,,,,
Illuminated Signs - GTA,,,,,,,,,,,,,,,"""reverse lit""",Campaign Negative Phrase,Enabled,,,,,,,,,,,,,,,,,,,,,,,,,,,,
LED Backlit Signs - GTA,,,,,,,,,,,,,,,"""channel letters""",Campaign Negative Phrase,Enabled,,,,,,,,,,,,,,,,,,,,,,,,,,,,